﻿STATE/UT,CRIME HEAD,2015,2016,2017,2018,2019,2020,2021,2022
ANDHRA PRADESH,MURDER ,2665,2690,2449,2538,2808,2717,2484,1175
ARUNALACHALA PRADESH,MURDER ,68,72,59,75,65,73,69,86
ASSAM,MURDER ,1374,1426,1323,1223,1303,1368,1354,1451
BIHAR,MURDER ,3034,3139,3152,3362,3198,3566,3441,3403
CHHATTISGARH,MURDER ,1097,1169,1083,1065,1110,998,945,998
GOA,MURDER ,33,49,53,35,48,45,36,34
GUJARAT,MURDER ,1166,1106,1020,1048,1126,1126,1118,1124
HARYANA,MURDER ,911,921,948,1005,1062,991,982,1106
HIMACHAL PRADESH,MURDER ,127,129,125,132,130,113,104,130
JAMMU & KASHMIR,MURDER ,318,237,237,217,169,124,150,156
JHARKHAND,MURDER ,1617,1697,1636,1689,1747,1694,1630,1658
KARNATAKA,MURDER ,1538,1698,1702,1805,1820,1860,1601,1636
KERALA,MURDER ,367,362,343,363,365,374,372,367
MADHYA PRADESH,MURDER ,2244,2322,2386,2423,2511,2373,2112,2274
MAHARASHTRA,MURDER ,2693,2795,2653,2744,2818,2712,2512,2670
MANIPUR,MURDER ,240,187,131,92,78,83,93,96
MEGHALAYA,MURDER ,114,126,128,134,170,137,166,159
MIZORAM,MURDER ,43,35,31,48,26,30,27,42
NAGALAND,MURDER ,111,143,46,45,46,75,78,58
ODISHA,MURDER ,1210,1250,1250,1308,1477,1548,1454,1450
PUNJAB,MURDER ,760,769,853,907,842,855,711,767
RAJASTHAN,MURDER ,1303,1297,1395,1421,1461,1461,1573,1637
SIKKIM,MURDER ,9,9,19,17,14,7,15,12
TAMILNADU,MURDER ,1633,1759,1776,1875,1877,1949,1936,1805
TRIPURA,MURDER ,138,155,133,150,163,124,142,140
UTTAR PRADESH,MURDER ,5000,4564,4534,4401,4951,4966,5047,5150
UTTARAKHAND,MURDER ,268,223,4534,176,4951,217,197,218
WEST BENGAL,MURDER ,1652,1811,2068,2398,178,2252,2264,2370
A & N ISLANDS,MURDER ,15,8,15,9,2109,15,6,8
CHANDIGARH,MURDER ,19,17,22,21,24,21,22,24
D & N HAVELI,MURDER ,10,9,10,6,14,7,3,4
DAMAN & DIU,MURDER ,12,2,5,5,6,3,9,7
DELHI UT,MURDER ,495,554,552,565,543,521,517,586
LAKSHADWEEP,MURDER ,0,1,0,0,0,0,0,0
PUDUCHERRY,MURDER ,34,35,37,33,32,29,31,25
MURDER ,MURDER TOTAL,32318,32766,36708,33335,39242,34434,33201,32826
ANDHRA PRADESH,ATTEMPT TO MURDER,1885,1942,1859,1953,2229,2183,2249,1540
ARUNALACHALA PRADESH,ATTEMPT TO MURDER,29,37,33,34,29,29,36,48
ASSAM,ATTEMPT TO MURDER,451,417,417,431,504,670,579,1142
BIHAR,ATTEMPT TO MURDER,3113,2954,3068,2915,3327,5452,3889,4379
CHHATTISGARH,ATTEMPT TO MURDER,747,736,732,756,747,593,647,716
GOA,ATTEMPT TO MURDER,23,25,24,27,22,35,48,42
GUJARAT,ATTEMPT TO MURDER,494,487,468,462,478,557,603,756
HARYANA,ATTEMPT TO MURDER,592,616,690,836,851,910,781,783
HIMACHAL PRADESH,ATTEMPT TO MURDER,57,59,73,74,50,53,70,63
JAMMU & KASHMIR,ATTEMPT TO MURDER,669,570,547,711,494,511,510,484
JHARKHAND,ATTEMPT TO MURDER,1076,1061,1274,1028,718,842,774,907
KARNATAKA,ATTEMPT TO MURDER,1251,1475,1607,1850,1837,1923,1984,2225
KERALA,ATTEMPT TO MURDER,402,434,408,361,521,497,603,676
MADHYA PRADESH,ATTEMPT TO MURDER,2423,2282,2212,2277,2340,2332,2360,2439
MAHARASHTRA,ATTEMPT TO MURDER,1615,1837,1880,1926,2105,2168,2428,2613
MANIPUR,ATTEMPT TO MURDER,377,498,478,258,245,409,211,227
MEGHALAYA,ATTEMPT TO MURDER,49,55,39,60,51,63,111,115
MIZORAM,ATTEMPT TO MURDER,21,10,14,27,24,21,19,22
NAGALAND,ATTEMPT TO MURDER,50,47,35,35,43,42,63,56
ODISHA,ATTEMPT TO MURDER,1105,1415,1231,1436,1621,1879,2173,2345
PUNJAB,ATTEMPT TO MURDER,893,956,1014,994,997,1045,923,864
RAJASTHAN,ATTEMPT TO MURDER,1772,1649,1673,1557,1566,1538,1662,1794
SIKKIM,ATTEMPT TO MURDER,14,7,7,6,7,7,12,14
TAMILNADU,ATTEMPT TO MURDER,2078,2327,2325,2641,2962,2954,3007,2922
TRIPURA,ATTEMPT TO MURDER,58,53,59,63,75,79,59,79
UTTAR PRADESH,ATTEMPT TO MURDER,4424,4233,4141,4004,4653,4811,5259,5223
UTTARAKHAND,ATTEMPT TO MURDER,228,217,4141,219,4653,161,181,171
WEST BENGAL,ATTEMPT TO MURDER,877,1732,2119,2111,189,2854,3523,7355
A & N ISLANDS,ATTEMPT TO MURDER,19,11,4,7,2242,3,4,11
CHANDIGARH,ATTEMPT TO MURDER,26,28,18,30,40,44,50,33
D & N HAVELI,ATTEMPT TO MURDER,2,2,5,0,2,2,2,1
DAMAN & DIU,ATTEMPT TO MURDER,7,2,4,2,1,5,1,6
DELHI UT,ATTEMPT TO MURDER,530,389,369,311,386,439,585,770
LAKSHADWEEP,ATTEMPT TO MURDER,2,0,1,0,1,0,0,0
PUDUCHERRY,ATTEMPT TO MURDER,42,35,25,19,22,27,11,15
ATTEMPT TO MURDER, ATTEMPT TO MURDER TOTAL,27401,28598,32994,29421,36032,35138,35417,40836
ANDHRA PRADESH,RAPE,1070,1257,1188,1362,1442,1341,1635,961
ARUNALACHALA PRADESH,RAPE,48,42,59,47,42,46,75,83
ASSAM,RAPE,1437,1438,1631,1721,1700,1716,1937,1980
BIHAR,RAPE,1555,1302,929,795,934,927,1128,1127
CHHATTISGARH,RAPE,982,978,976,1012,1053,1034,1380,1436
GOA,RAPE,20,30,47,36,29,55,86,95
GUJARAT,RAPE,316,374,433,408,439,473,732,841
HARYANA,RAPE,488,631,603,720,733,668,971,1174
HIMACHAL PRADESH,RAPE,159,157,183,160,168,183,250,283
JAMMU & KASHMIR,RAPE,288,219,237,245,277,303,378,331
JHARKHAND,RAPE,855,791,719,773,784,812,1204,1050
KARNATAKA,RAPE,436,446,509,586,636,621,1030,1324
KERALA,RAPE,512,568,568,634,1132,1019,1221,1347
MADHYA PRADESH,RAPE,3010,2937,2998,3135,3406,3425,4335,5076
MAHARASHTRA,RAPE,1451,1558,1483,1599,1701,1839,3063,3438
MANIPUR,RAPE,20,38,31,34,53,63,72,75
MEGHALAYA,RAPE,82,88,112,149,130,164,183,118
MIZORAM,RAPE,83,77,83,92,77,103,89,120
NAGALAND,RAPE,13,19,22,16,23,21,31,30
ODISHA,RAPE,939,1113,1023,1025,1112,1458,1832,1978
PUNJAB,RAPE,519,517,511,546,479,680,888,981
RAJASTHAN,RAPE,1238,1355,1519,1571,1800,2049,3285,3759
SIKKIM,RAPE,24,20,18,18,16,34,43,47
TAMILNADU,RAPE,523,573,596,686,677,737,923,455
TRIPURA,RAPE,157,204,190,238,205,229,233,239
UTTAR PRADESH,RAPE,1648,1871,1759,1563,2042,1963,3050,3467
UTTARAKHAND,RAPE,117,87,1759,121,2042,148,228,270
WEST BENGAL,RAPE,2106,2263,2336,2311,129,2046,1685,3409
A & N ISLANDS,RAPE,3,12,18,24,2363,12,27,32
CHANDIGARH,RAPE,22,20,29,31,27,27,45,59
D & N HAVELI,RAPE,7,6,4,3,4,3,5,5
DAMAN & DIU,RAPE,1,0,1,1,1,5,8,2
DELHI UT,RAPE,598,466,469,507,572,706,1636,2096
LAKSHADWEEP,RAPE,1,2,1,0,0,0,2,1
PUDUCHERRY,RAPE,9,8,1,3,7,13,17,10
RAPE, RAPE TOTAL,20737,50065,23045,22172,26235,24923,33707,37699
ANDHRA PRADESH,KIDNAPPING,1564,1396,1526,1531,1612,1403,1595,274
ARUNALACHALA PRADESH,KIDNAPPING,44,47,28,46,60,58,86,20
ASSAM,KIDNAPPING,1471,1789,2092,2767,3192,3360,4222,3883
BIHAR,KIDNAPPING,1260,1789,1986,2569,3050,3789,4419,4641
CHHATTISGARH,KIDNAPPING,181,216,229,279,365,350,1881,263
GOA,KIDNAPPING,7,28,22,18,17,16,70,0
GUJARAT,KIDNAPPING,1089,1119,1162,1290,1442,1527,2230,1378
HARYANA,KIDNAPPING,554,644,659,714,733,900,1957,886
HIMACHAL PRADESH,KIDNAPPING,150,137,122,162,191,152,290,175
JAMMU & KASHMIR,KIDNAPPING,707,656,825,840,1023,1041,949,236
JHARKHAND,KIDNAPPING,534,499,517,696,660,786,926,819
KARNATAKA,KIDNAPPING,390,405,408,586,715,1070,1359,210
KERALA,KIDNAPPING,177,166,173,184,221,214,185,89
MADHYA PRADESH,KIDNAPPING,701,736,841,1030,1088,1127,2873,2364
MAHARASHTRA,KIDNAPPING,967,998,926,1124,1252,1140,1874,1046
MANIPUR,KIDNAPPING,83,87,97,107,116,133,125,102
MEGHALAYA,KIDNAPPING,22,25,26,37,37,24,33,9
MIZORAM,KIDNAPPING,0,1,0,0,0,3,2,0
NAGALAND,KIDNAPPING,6,7,10,6,3,10,11,2
ODISHA,KIDNAPPING,660,762,799,912,1008,1364,2067,1313
PUNJAB,KIDNAPPING,545,514,513,576,517,689,987,806
RAJASTHAN,KIDNAPPING,1694,1863,2310,2477,2713,2697,4047,2360
SIKKIM,KIDNAPPING,9,4,6,6,10,10,16,0
TAMILNADU,KIDNAPPING,1097,1160,1133,1464,1743,1693,1516,1080
TRIPURA,KIDNAPPING,81,110,92,91,116,114,124,79
UTTAR PRADESH,KIDNAPPING,3363,4439,5078,5468,7525,7910,9737,7338
UTTARAKHAND,KIDNAPPING,227,222,5078,249,7525,256,633,10
WEST BENGAL,KIDNAPPING,1590,1907,2187,2764,283,4168,3830,1508
A & N ISLANDS,KIDNAPPING,9,13,14,8,3711,7,12,0
CHANDIGARH,KIDNAPPING,46,42,36,28,46,66,174,43
D & N HAVELI,KIDNAPPING,6,11,9,10,8,9,11,0
DAMAN & DIU,KIDNAPPING,1,1,0,2,2,0,6,0
DELHI UT,KIDNAPPING,1167,1136,1655,1740,2085,2160,3609,2
LAKSHADWEEP,KIDNAPPING,0,1,0,0,0,0,0,0
PUDUCHERRY,KIDNAPPING,14,9,13,14,9,16,25,1
KIDNAPPING,KIDNAPPING TOTAL,20416,22939,30572,29795,43078,38262,51881,30937
ANDHRA PRADESH,ROBBERY,614,623,544,550,600,668,709,433
ARUNALACHALA PRADESH,ROBBERY,75,79,55,69,64,65,75,61
ASSAM,ROBBERY,496,568,680,662,837,907,923,1038
BIHAR,ROBBERY,1787,1592,1619,1538,1381,1266,1521,1600
CHHATTISGARH,ROBBERY,427,500,554,552,470,412,351,405
GOA,ROBBERY,22,23,30,39,26,25,37,32
GUJARAT,ROBBERY,1095,1322,1420,1384,1368,1366,1429,1209
HARYANA,ROBBERY,502,555,679,734,638,711,763,874
HIMACHAL PRADESH,ROBBERY,23,20,21,11,10,10,14,16
JAMMU & KASHMIR,ROBBERY,111,67,69,61,88,81,87,89
JHARKHAND,ROBBERY,771,761,780,709,614,494,568,521
KARNATAKA,ROBBERY,1313,1615,1825,1949,2123,2207,2150,2516
KERALA,ROBBERY,869,816,830,636,741,725,784,869
MADHYA PRADESH,ROBBERY,1975,2234,2270,1919,1952,1940,1832,1969
MAHARASHTRA,ROBBERY,2770,3031,3314,3721,4249,6949,9746,9466
MANIPUR,ROBBERY,11,7,3,2,7,3,3,7
MEGHALAYA,ROBBERY,56,65,67,67,63,46,68,97
MIZORAM,ROBBERY,5,6,4,16,6,4,3,6
NAGALAND,ROBBERY,75,87,92,63,59,54,49,38
ODISHA,ROBBERY,1273,1345,1488,1491,1583,1613,1678,1828
PUNJAB,ROBBERY,138,167,171,241,236,213,141,157
RAJASTHAN,ROBBERY,778,829,886,872,727,807,1065,1301
SIKKIM,ROBBERY,6,7,4,7,5,6,6,13
TAMILNADU,ROBBERY,495,662,1144,1817,2066,1898,2186,1969
TRIPURA,ROBBERY,64,95,77,65,50,60,44,43
UTTAR PRADESH,ROBBERY,2169,2097,2285,2577,3148,3159,3591,3920
UTTARAKHAND,ROBBERY,173,144,2285,162,3148,144,138,155
WEST BENGAL,ROBBERY,427,613,751,798,179,816,647,606
A & N ISLANDS,ROBBERY,9,14,11,7,760,2,1,2
CHANDIGARH,ROBBERY,37,23,27,67,68,63,62,65
D & N HAVELI,ROBBERY,3,0,2,3,2,2,0,2
DAMAN & DIU,ROBBERY,2,4,4,0,6,3,1,5
DELHI UT,ROBBERY,557,541,515,599,562,608,1245,6464
LAKSHADWEEP,ROBBERY,0,0,0,0,0,0,0,0
PUDUCHERRY,ROBBERY,8,10,9,5,11,16,10,6
ROBBERY,ROBBERY TOTAL,19136,20522,24515,23393,27847,27343,31927,37782
ANDHRA PRADESH,THEFT,24391,25362,24692,26756,28267,27475,31032,15617
ARUNALACHALA PRADESH,THEFT,513,445,381,445,414,402,514,498
ASSAM,THEFT,7754,8012,7644,7860,8309,9394,10515,12737
BIHAR,THEFT,11795,13206,15221,15544,16292,17667,21423,22888
CHHATTISGARH,THEFT,5381,6079,5792,5805,5315,5341,5189,6098
GOA,THEFT,494,601,858,1034,1115,915,1138,1154
GUJARAT,THEFT,18164,20715,19669,16794,16043,15952,15313,14337
HARYANA,THEFT,11047,12709,12917,16266,17425,17590,18620,20314
HIMACHAL PRADESH,THEFT,1092,1152,823,838,1042,769,818,652
JAMMU & KASHMIR,THEFT,2086,2198,2631,2510,2655,2022,1862,1773
JHARKHAND,THEFT,7091,7269,7716,7090,6378,6680,6839,7046
KARNATAKA,THEFT,14351,17820,20576,20093,19834,18418,19756,21019
KERALA,THEFT,5609,5818,5564,4380,4704,4078,4079,4700
MADHYA PRADESH,THEFT,22396,24583,23260,21577,22414,23182,25045,29244
MAHARASHTRA,THEFT,47681,52860,50930,52565,53449,47476,52670,56283
MANIPUR,THEFT,454,446,394,417,719,903,854,1001
MEGHALAYA,THEFT,500,669,545,664,696,543,617,857
MIZORAM,THEFT,808,747,761,823,734,605,643,852
NAGALAND,THEFT,360,345,347,397,360,381,406,418
ODISHA,THEFT,6830,7419,7136,7572,8724,9630,10044,9410
PUNJAB,THEFT,5173,5563,5624,5446,4784,5272,4885,5067
RAJASTHAN,THEFT,19345,20411,22144,22324,21099,23314,28928,29095
SIKKIM,THEFT,118,127,62,53,72,117,122,126
TAMILNADU,THEFT,13217,15019,15712,14583,13924,11996,11950,11969
TRIPURA,THEFT,411,499,415,457,494,565,533,369
UTTAR PRADESH,THEFT,22816,25946,29226,31153,36683,37376,41949,48380
UTTARAKHAND,THEFT,1593,1622,29226,2138,36683,1913,1596,1737
WEST BENGAL,THEFT,13747,17334,17133,19389,2093,22991,22904,22915
A & N ISLANDS,THEFT,112,128,134,121,21446,71,37,45
CHANDIGARH,THEFT,1740,1991,1731,1481,1502,1549,1519,1260
D & N HAVELI,THEFT,87,54,63,63,69,68,58,38
DAMAN & DIU,THEFT,43,49,41,47,47,55,38,31
DELHI UT,THEFT,17037,18867,21731,23088,22899,22032,30124,78753
LAKSHADWEEP,THEFT,20,8,10,5,4,7,8,15
PUDUCHERRY,THEFT,787,688,711,534,707,658,594,424
THEFT,THEFT TOTAL,285043,316761,351820,330312,377395,337407,372622,427122
ANDHRA PRADESH,CHEATING,8103,8393,8528,9164,9748,11002,13015,5091
ARUNALACHALA PRADESH,CHEATING,33,28,29,91,74,85,72,103
ASSAM,CHEATING,895,996,1098,1371,1495,1705,2558,2956
BIHAR,CHEATING,2358,2741,2676,3025,3776,3933,4482,5187
CHHATTISGARH,CHEATING,467,562,682,813,980,925,975,930
GOA,CHEATING,55,105,132,117,142,205,199,260
GUJARAT,CHEATING,1116,1167,1014,1002,1399,1361,1324,1574
HARYANA,CHEATING,1232,1150,1406,1662,1761,1798,2030,1945
HIMACHAL PRADESH,CHEATING,212,248,264,318,359,373,472,389
JAMMU & KASHMIR,CHEATING,489,392,475,422,612,612,590,497
JHARKHAND,CHEATING,814,900,910,988,907,1566,2577,1855
KARNATAKA,CHEATING,3600,3669,5079,5543,5850,5822,6598,6935
KERALA,CHEATING,4215,3659,3394,3581,5155,4681,4841,6091
MADHYA PRADESH,CHEATING,1661,1368,1830,1779,1860,2021,1652,1888
MAHARASHTRA,CHEATING,6235,7296,7976,8684,9098,9398,10215,9959
MANIPUR,CHEATING,93,161,96,59,126,136,127,99
MEGHALAYA,CHEATING,164,104,113,98,166,108,122,172
MIZORAM,CHEATING,66,57,61,79,66,42,55,61
NAGALAND,CHEATING,34,31,33,39,31,39,61,56
ODISHA,CHEATING,1263,1244,1137,1108,1391,1607,2169,2246
PUNJAB,CHEATING,3581,3192,3098,3527,3571,3451,3805,3712
RAJASTHAN,CHEATING,11919,12097,15037,16584,17497,19646,22796,21191
SIKKIM,CHEATING,34,46,12,20,31,31,25,37
TAMILNADU,CHEATING,2510,2349,2557,3259,3872,4151,4647,4536
TRIPURA,CHEATING,85,92,110,122,99,105,202,145
UTTAR PRADESH,CHEATING,8399,9327,8845,9553,9941,10713,11665,10636
UTTARAKHAND,CHEATING,697,463,8845,567,9941,529,548,390
WEST BENGAL,CHEATING,2406,2938,3298,3260,519,5300,6195,7239
A & N ISLANDS,CHEATING,23,19,20,56,4171,31,25,71
CHANDIGARH,CHEATING,170,213,193,163,255,234,284,247
D & N HAVELI,CHEATING,10,24,20,18,18,4,10,22
DAMAN & DIU,CHEATING,6,2,4,5,10,8,19,38
DELHI UT,CHEATING,2336,1493,2000,1845,2590,2491,2899,4601
LAKSHADWEEP,CHEATING,0,0,0,0,0,0,1,0
PUDUCHERRY,CHEATING,45,53,47,77,54,90,75,59
CHEATING, CHETATING TOTAL,65326,66579,81019,78999,97565,94203,107330,101218
ANDHRA PRADESH,DOWRY DEATHS,613,556,546,588,599,504,492,215
ARUNALACHALA PRADESH,DOWRY DEATHS,0,0,0,0,0,1,0,1
ASSAM,DOWRY DEATHS,100,103,170,175,121,140,170,188
BIHAR,DOWRY DEATHS,1172,1210,1295,1257,1413,1275,1182,1373
CHHATTISGARH,DOWRY DEATHS,100,106,128,115,104,81,109,128
GOA,DOWRY DEATHS,2,2,3,1,1,0,0,0
GUJARAT,DOWRY DEATHS,42,27,24,19,30,21,29,23
HARYANA,DOWRY DEATHS,269,302,281,284,255,258,263,293
HIMACHAL PRADESH,DOWRY DEATHS,8,3,1,2,4,2,0,1
JAMMU & KASHMIR,DOWRY DEATHS,9,21,12,9,11,8,7,5
JHARKHAND,DOWRY DEATHS,303,266,295,276,282,302,307,350
KARNATAKA,DOWRY DEATHS,251,259,264,248,267,218,277,313
KERALA,DOWRY DEATHS,27,31,20,22,15,32,21,28
MADHYA PRADESH,DOWRY DEATHS,742,805,858,892,811,743,776,733
MAHARASHTRA,DOWRY DEATHS,436,390,341,393,339,329,320,279
MANIPUR,DOWRY DEATHS,0,1,0,0,1,0,0,1
MEGHALAYA,DOWRY DEATHS,2,2,0,0,1,1,2,1
MIZORAM,DOWRY DEATHS,0,0,0,0,0,0,0,0
NAGALAND,DOWRY DEATHS,0,0,0,0,0,0,1,0
ODISHA,DOWRY DEATHS,461,401,384,388,465,525,395,441
PUNJAB,DOWRY DEATHS,133,128,126,121,143,118,126,90
RAJASTHAN,DOWRY DEATHS,439,439,436,462,514,478,453,408
SIKKIM,DOWRY DEATHS,0,0,0,1,0,1,0,0
TAMILNADU,DOWRY DEATHS,208,207,194,165,152,110,118,95
TRIPURA,DOWRY DEATHS,36,16,29,25,30,37,29,33
UTTAR PRADESH,DOWRY DEATHS,2076,2237,2232,2217,2322,2244,2335,2469
UTTARAKHAND,DOWRY DEATHS,70,73,2232,75,2322,71,43,38
WEST BENGAL,DOWRY DEATHS,451,451,506,507,83,593,481,504
A & N ISLANDS,DOWRY DEATHS,1,2,1,0,510,2,1,3
CHANDIGARH,DOWRY DEATHS,1,3,2,5,2,5,1,2
D & N HAVELI,DOWRY DEATHS,0,0,0,0,0,0,0,0
DAMAN & DIU,DOWRY DEATHS,1,0,0,0,0,0,0,0
DELHI UT,DOWRY DEATHS,138,129,141,143,142,134,144,153
LAKSHADWEEP,DOWRY DEATHS,0,0,0,0,0,0,0,0
PUDUCHERRY,DOWRY DEATHS,2,2,0,1,1,0,1,1
DOWRY DEATHS,DOWRY DEATHS TOTAL,8093,8172,10521,8391,10940,8233,8083,8169
ANDHRA PRADESH,RIOTS,1998,145,2261,2231,2210,1878,1944,1013
ARUNALACHALA PRADESH,RIOTS,16,1930,52,31,49,28,36,33
ASSAM,RIOTS,2601,18,1808,2183,2328,5077,2429,2640
BIHAR,RIOTS,7962,2600,8554,8809,9768,10871,11931,13566
CHHATTISGARH,RIOTS,881,8099,957,1092,934,910,786,809
GOA,RIOTS,70,1144,50,64,74,122,127,133
GUJARAT,RIOTS,1668,102,1539,1623,1615,1758,1715,1354
HARYANA,RIOTS,1173,1809,1166,1414,1466,1424,1560,1944
HIMACHAL PRADESH,RIOTS,649,1184,591,615,530,494,487,478
JAMMU & KASHMIR,RIOTS,1209,627,1472,2169,1405,1400,1714,1527
JHARKHAND,RIOTS,2565,1782,2312,2447,2133,2331,2465,1975
KARNATAKA,RIOTS,5783,2576,6269,7710,7265,7502,7237,6520
KERALA,RIOTS,7358,6013,8086,8724,10754,10938,10042,5820
MADHYA PRADESH,RIOTS,2648,8057,2409,2606,2080,1951,1779,1850
MAHARASHTRA,RIOTS,7993,2768,8030,8412,8556,8860,9610,7760
MANIPUR,RIOTS,70,9388,48,65,70,72,67,101
MEGHALAYA,RIOTS,33,48,18,7,8,0,13,8
MIZORAM,RIOTS,1,8,1,0,0,1,1,0
NAGALAND,RIOTS,15,1,4,2,1,3,11,10
ODISHA,RIOTS,1983,4,1718,1779,1556,2205,1937,1732
PUNJAB,RIOTS,1,2721,8,0,0,1,0,0
RAJASTHAN,RIOTS,1626,1,1145,986,751,573,542,536
SIKKIM,RIOTS,15,1390,39,4,25,22,32,81
TAMILNADU,RIOTS,2375,17,2397,2664,3009,3136,2701,2784
TRIPURA,RIOTS,142,2811,178,163,175,128,123,92
UTTAR PRADESH,RIOTS,4495,197,4263,4186,5022,5676,6089,6438
UTTARAKHAND,RIOTS,459,4381,4263,458,5022,369,334,466
WEST BENGAL,RIOTS,3727,509,6700,6809,401,6611,6142,5509
A & N ISLANDS,RIOTS,17,5425,11,11,6019,8,0,10
CHANDIGARH,RIOTS,79,16,66,65,66,49,54,33
D & N HAVELI,RIOTS,39,85,53,44,20,11,7,6
DAMAN & DIU,RIOTS,31,24,29,11,19,9,11,4
DELHI UT,RIOTS,87,35,57,53,50,79,113,160
LAKSHADWEEP,RIOTS,1,71,44,3,5,10,2,9
PUDUCHERRY,RIOTS,145,12,141,131,125,126,85,39
RIOTS,RIOTS TOTAL,59915,65998,66739,67571,73511,74633,72126,65440
ANDHRA PRADESH,DACOITY,170,110,20,134,126,131,125,75
ARUNALACHALA PRADESH,DACOITY,16,14,251,15,13,20,24,12
ASSAM,DACOITY,299,312,654,248,305,266,246,267
BIHAR,DACOITY,686,686,134,644,556,540,579,538
CHHATTISGARH,DACOITY,115,124,4,122,68,64,47,58
GOA,DACOITY,7,3,246,2,2,6,11,13
GUJARAT,DACOITY,245,256,153,186,221,287,288,296
HARYANA,DACOITY,139,120,4,147,167,204,154,172
HIMACHAL PRADESH,DACOITY,5,6,1,2,1,1,14,4
JAMMU & KASHMIR,DACOITY,18,3,412,6,14,6,6,6
JHARKHAND,DACOITY,524,416,273,335,309,284,232,244
KARNATAKA,DACOITY,178,270,112,272,214,211,280,292
KERALA,DACOITY,121,91,117,74,71,72,67,71
MADHYA PRADESH,DACOITY,143,160,780,110,118,107,98,105
MAHARASHTRA,DACOITY,716,811,1,778,773,793,833,885
MANIPUR,DACOITY,3,1,64,0,1,8,0,0
MEGHALAYA,DACOITY,55,63,2,42,49,52,51,56
MIZORAM,DACOITY,0,4,8,3,1,2,4,8
NAGALAND,DACOITY,7,6,380,3,7,1,3,8
ODISHA,DACOITY,247,305,38,346,417,402,436,484
PUNJAB,DACOITY,37,40,53,65,28,48,18,32
RAJASTHAN,DACOITY,71,64,0,37,28,31,59,64
SIKKIM,DACOITY,0,1,97,1,0,0,0,1
TAMILNADU,DACOITY,88,100,7,85,101,97,83,101
TRIPURA,DACOITY,14,13,365,16,11,7,9,1
UTTAR PRADESH,DACOITY,437,313,365,337,379,322,596,294
UTTARAKHAND,DACOITY,46,16,214,12,379,29,17,19
WEST BENGAL,DACOITY,146,184,0,288,13,279,206,143
A & N ISLANDS,DACOITY,5,0,4,1,236,5,1,0
CHANDIGARH,DACOITY,2,1,9,5,6,3,11,6
D & N HAVELI,DACOITY,1,1,0,2,7,2,1,0
DAMAN & DIU,DACOITY,3,2,36,6,4,1,6,0
DELHI UT,DACOITY,34,24,3,32,33,28,33,82
LAKSHADWEEP,DACOITY,0,0,7,0,0,0,0,0
PUDUCHERRY,DACOITY,1,10,0,2,5,5,1,3
DACOITY,DACOITY TOTAL,4579,4530,4814,4358,4663,4314,4539,4340
ANDHRA PRADESH,BURGLARY,7677,8332,7772,8200,8300,8442,9820,3510
ARUNALACHALA PRADESH,BURGLARY,240,245,201,211,183,215,196,196
ASSAM,BURGLARY,2603,3147,3149,3458,3327,3825,4291,4489
BIHAR,BURGLARY,3259,3414,3566,3437,3629,3758,4185,4491
CHHATTISGARH,BURGLARY,3632,4112,3975,3711,3548,3334,3527,2413
GOA,BURGLARY,292,302,294,368,318,356,385,297
GUJARAT,BURGLARY,4870,5053,4488,4071,4509,4695,4980,1638
HARYANA,BURGLARY,4231,4249,4077,4445,5011,5129,6121,5764
HIMACHAL PRADESH,BURGLARY,877,885,784,743,995,928,932,425
JAMMU & KASHMIR,BURGLARY,1460,1347,1566,1406,1516,1395,1387,695
JHARKHAND,BURGLARY,1495,1375,1392,1357,1235,1216,1339,842
KARNATAKA,BURGLARY,5449,6258,6629,6059,6136,5792,6003,4242
KERALA,BURGLARY,4100,3882,3554,2682,3001,2710,2929,2576
MADHYA PRADESH,BURGLARY,11230,11072,10661,9897,10230,10019,11007,9858
MAHARASHTRA,BURGLARY,15607,16004,15841,16617,16313,15648,18328,13446
MANIPUR,BURGLARY,70,76,68,66,52,53,85,44
MEGHALAYA,BURGLARY,203,168,147,166,145,145,187,110
MIZORAM,BURGLARY,457,338,381,425,336,347,374,266
NAGALAND,BURGLARY,118,127,82,62,73,65,36,48
ODISHA,BURGLARY,3073,3100,2937,2855,3031,3430,3747,3327
PUNJAB,BURGLARY,2616,2621,2507,2661,2488,2828,2707,2047
RAJASTHAN,BURGLARY,5164,4736,5294,4714,4510,4610,5783,4524
SIKKIM,BURGLARY,83,81,93,72,60,65,85,53
TAMILNADU,BURGLARY,3717,3849,4221,4715,4848,4457,5125,3052
TRIPURA,BURGLARY,193,218,231,221,227,239,223,170
UTTAR PRADESH,BURGLARY,5057,5418,5260,4915,5765,6187,6683,5207
UTTARAKHAND,BURGLARY,548,423,5260,310,5765,391,248,274
WEST BENGAL,BURGLARY,399,462,329,388,342,464,440,302
A & N ISLANDS,BURGLARY,90,78,86,80,455,71,42,38
CHANDIGARH,BURGLARY,191,257,241,236,285,235,258,85
D & N HAVELI,BURGLARY,28,49,43,25,22,22,21,0
DAMAN & DIU,BURGLARY,46,45,33,27,31,26,19,1
DELHI UT,BURGLARY,2055,1926,1733,1502,1419,1715,2835,6883
LAKSHADWEEP,BURGLARY,2,3,1,5,0,3,2,5
PUDUCHERRY,BURGLARY,86,90,71,72,65,77,71,42
BURGLARY,TOTAL BURGLARY,91218,93742,96967,90179,98170,92892,104401,81360
ANDHRA PRADESH,AUTO THEFT,6183,7297,7804,7422,8966,8036,9040,4540
ARUNALACHALA PRADESH,AUTO THEFT,116,60,109,139,152,95,153,158
ASSAM,AUTO THEFT,1982,2101,1713,2124,585,2720,3729,3498
BIHAR,AUTO THEFT,2392,2675,3674,4257,5041,6404,7165,8828
CHHATTISGARH,AUTO THEFT,1814,2122,2181,2139,2292,2358,2407,2668
GOA,AUTO THEFT,207,238,336,359,463,300,354,386
GUJARAT,AUTO THEFT,8022,9947,11130,9817,8934,9057,8398,8077
HARYANA,AUTO THEFT,6499,7674,8449,11299,12541,12979,13363,14637
HIMACHAL PRADESH,AUTO THEFT,264,332,327,334,356,265,281,252
JAMMU & KASHMIR,AUTO THEFT,514,689,876,967,930,557,583,720
JHARKHAND,AUTO THEFT,1784,2165,2990,2709,1872,2215,2195,2498
KARNATAKA,AUTO THEFT,5887,8960,11093,10840,10226,8886,9559,9376
KERALA,AUTO THEFT,2113,1981,2029,1486,1454,1262,1250,1607
MADHYA PRADESH,AUTO THEFT,8915,10533,10705,11353,11595,12279,13283,15323
MAHARASHTRA,AUTO THEFT,13895,16900,18133,18676,19270,17855,18394,20433
MANIPUR,AUTO THEFT,150,223,283,254,553,736,687,793
MEGHALAYA,AUTO THEFT,91,137,180,152,190,152,123,179
MIZORAM,AUTO THEFT,64,27,77,69,39,24,63,91
NAGALAND,AUTO THEFT,194,182,69,80,85,65,231,218
ODISHA,AUTO THEFT,1733,1975,2521,2627,2986,3210,3538,3401
PUNJAB,AUTO THEFT,2084,2182,2713,2467,2107,2011,1921,1767
RAJASTHAN,AUTO THEFT,8258,9857,12156,13245,12566,14107,18286,17015
SIKKIM,AUTO THEFT,11,9,8,8,8,17,17,22
TAMILNADU,AUTO THEFT,2901,3722,4973,5045,4911,3915,3848,4033
TRIPURA,AUTO THEFT,55,43,39,64,59,140,136,107
UTTAR PRADESH,AUTO THEFT,10859,12064,16109,18216,21363,22773,24948,29561
UTTARAKHAND,AUTO THEFT,565,726,16109,871,21363,949,749,856
WEST BENGAL,AUTO THEFT,2421,2593,3709,4123,840,5158,4760,5629
A & N ISLANDS,AUTO THEFT,8,11,10,22,4642,0,2,4
CHANDIGARH,AUTO THEFT,853,1094,1117,898,915,894,874,817
D & N HAVELI,AUTO THEFT,19,18,21,34,43,36,26,13
DAMAN & DIU,AUTO THEFT,28,31,27,29,33,42,25,24
DELHI UT,AUTO THEFT,8874,11020,13224,14966,14668,14391,14916,23384
LAKSHADWEEP,AUTO THEFT,2,1,5,0,0,1,0,0
PUDUCHERRY,AUTO THEFT,498,443,502,384,511,462,386,285
AUTO THEFT,TOTAL AUTO THIET,100255,120032,155401,147475,172559,154351,165690,181200
